{
  "r2_score": 0.38698319781032586,
  "mae": 553.5441557265525,
  "max_error": 11857.121158975526
}